제목,링크,발행일,언론사
윤호영 카뱅 대표 5연임,https://www.mk.co.kr/news/economy/11255474,"Tue, 04 Mar 2025 19:14:30 +09:00",mk뉴스
"“믿을 게 빽다방 하나밖에 없다는 말까지”...더본코리아, 3만원도 무너졌다",https://www.mk.co.kr/news/stock/11255473,"Tue, 04 Mar 2025 19:12:23 +09:00",mk뉴스
“정자 상태 하위 10%”…‘충격적 결과’에 가수 강남이 택한 방법,https://www.mk.co.kr/news/culture/11255471,"Tue, 04 Mar 2025 19:06:51 +09:00",mk뉴스
"언제까지 AI 염불만 외울 건가?…간 보기 끝난 SK텔레콤, 수익화 본격 추진",https://www.mk.co.kr/news/business/11255469,"Tue, 04 Mar 2025 19:04:48 +09:00",mk뉴스
"檢, ‘건진법사’ 카톡 기록 압수수색…불법정치자금 수수 의혹",https://www.mk.co.kr/news/society/11255468,"Tue, 04 Mar 2025 19:04:38 +09:00",mk뉴스
"美, 우크라 군사원조 전면 중단…트럼프-젤렌스키 회담 나흘만",https://www.mk.co.kr/news/world/11255467,"Tue, 04 Mar 2025 19:04:26 +09:00",mk뉴스
인터뷰/박성훈 도미누스 인베스트먼트 인니 사무소장,https://www.mk.co.kr/news/society/11255465,"Tue, 04 Mar 2025 19:01:21 +09:00",mk뉴스
역대급 할인에 사람 미어터져도…의무휴업·알테쉬에 곪아버린 K유통,https://www.mk.co.kr/news/business/11255464,"Tue, 04 Mar 2025 18:59:39 +09:00",mk뉴스
"임기 10개월이나 남기고… 김세용 GH 사장, 돌연 사의",https://www.mk.co.kr/news/realestate/11255463,"Tue, 04 Mar 2025 18:58:08 +09:00",mk뉴스
"한국동서발전, 행안부 공공데이터 제공 평가 5년 연속 최고등급 달성",https://www.mk.co.kr/news/business/11255461,"Tue, 04 Mar 2025 18:54:35 +09:00",mk뉴스
최원준 삼성전자 MX사업부 개발실장 사장 승진,https://www.mk.co.kr/news/it/11255460,"Tue, 04 Mar 2025 18:44:13 +09:00",mk뉴스
"완성차 5사, 2월 성적표 ‘선방’... 판매량 전년 比 4.1% 상승",https://www.mk.co.kr/news/business/11255459,"Tue, 04 Mar 2025 18:39:38 +09:00",mk뉴스
"와들, ‘2025년 AI 바우처 지원사업’ 공급기업 선정",https://www.mk.co.kr/news/it/11255458,"Tue, 04 Mar 2025 18:31:46 +09:00",mk뉴스
‘법규정 회피 묘수?’…국민변호인단 무제한 필리버스터 돌입,https://www.mk.co.kr/news/society/11255456,"Tue, 04 Mar 2025 18:13:07 +09:00",mk뉴스
오세훈 맞은 MB “한덕수 국무총리 조속히 복귀해야”,https://www.mk.co.kr/news/politics/11255455,"Tue, 04 Mar 2025 18:10:04 +09:00",mk뉴스
춘천시 ‘푸드테크 연구지원센터’ 유치,https://www.mk.co.kr/news/society/11255454,"Tue, 04 Mar 2025 18:07:22 +09:00",mk뉴스
"영국 주도 세계 최대 사이버 방어 훈련, 한국에서 막 내려",https://www.mk.co.kr/news/politics/11255453,"Tue, 04 Mar 2025 18:06:39 +09:00",mk뉴스
[단독] 미성년 성폭력 범죄 ‘역대 최대’인데…법원에선 툭하면 ‘증거 부족’ 무죄,https://www.mk.co.kr/news/society/11255449,"Tue, 04 Mar 2025 17:56:43 +09:00",mk뉴스
전한길 “尹 구치소 갇혀 있는 건 한동훈 탓”…이제 집회 못나가는 이유,https://www.mk.co.kr/news/politics/11255447,"Tue, 04 Mar 2025 17:47:50 +09:00",mk뉴스
"[단독] “아빠 육아휴직, 여긴 레벨이 다르네”…롯데, 생활밀착형 복지혜택 강화",https://www.mk.co.kr/news/business/11255446,"Tue, 04 Mar 2025 17:45:29 +09:00",mk뉴스
"'K방산 대장주' 한화에어로, 시총 10위 올라",https://www.mk.co.kr/news/stock/11255443,"Tue, 04 Mar 2025 17:36:37 +09:00",mk뉴스
"""언젠가는 다시 오르겠지"" 개미들 美지수ETF 줍줍",https://www.mk.co.kr/news/stock/11255444,"Tue, 04 Mar 2025 17:36:37 +09:00",mk뉴스
"3만원 무너진 더본코리아, 속절없는 추락",https://www.mk.co.kr/news/stock/11255440,"Tue, 04 Mar 2025 17:36:36 +09:00",mk뉴스
"서울보증보험, 수요예측 경쟁률 240대 1",https://www.mk.co.kr/news/stock/11255439,"Tue, 04 Mar 2025 17:36:35 +09:00",mk뉴스
"1천억달러에 美 웃었다 … 트럼프 ""게임 앞서간 TSMC, 엄청난 일""",https://www.mk.co.kr/news/business/11255437,"Tue, 04 Mar 2025 17:35:54 +09:00",mk뉴스
HBM 날개 단 하이닉스 …작년 美매출 2.6배로 급증,https://www.mk.co.kr/news/business/11255436,"Tue, 04 Mar 2025 17:35:54 +09:00",mk뉴스
"TSMC 선공에 … 삼성, 美추가투자 압박 커질듯",https://www.mk.co.kr/news/business/11255435,"Tue, 04 Mar 2025 17:35:53 +09:00",mk뉴스
崔대행 '마은혁 임명' 보류,https://www.mk.co.kr/news/politics/11255432,"Tue, 04 Mar 2025 17:34:33 +09:00",mk뉴스
1월부터 생산·소비·투자 트리플 감소,https://www.mk.co.kr/news/economy/11255430,"Tue, 04 Mar 2025 17:34:32 +09:00",mk뉴스
美 관세전쟁 '개시'… 中·加 즉각 보복조치,https://www.mk.co.kr/news/world/11255431,"Tue, 04 Mar 2025 17:34:32 +09:00",mk뉴스
윤호영 카카오뱅크 대표 5연임,https://www.mk.co.kr/news/economy/11255425,"Tue, 04 Mar 2025 17:33:42 +09:00",mk뉴스
"""오프라인 유통 구조조정 신호탄 소수 업체만 남고 다 엎어질 것""",https://www.mk.co.kr/news/business/11255421,"Tue, 04 Mar 2025 17:33:29 +09:00",mk뉴스
"토종 이커머스도 빚더미 …""이러다 제2 티메프 사태""",https://www.mk.co.kr/news/business/11255422,"Tue, 04 Mar 2025 17:33:29 +09:00",mk뉴스
"'선제 구조조정'… 법원, 이례적 신속승인",https://www.mk.co.kr/news/society/11255423,"Tue, 04 Mar 2025 17:33:29 +09:00",mk뉴스
잔칫날 추가관세 폭탄 맞은 中 美 농축산물에 보복 관세 맞불,https://www.mk.co.kr/news/world/11255419,"Tue, 04 Mar 2025 17:33:28 +09:00",mk뉴스
"""이건 서막일 뿐""… 전선 넓히는 트럼프, 국가·품목 안가리고 폭격",https://www.mk.co.kr/news/world/11255417,"Tue, 04 Mar 2025 17:33:27 +09:00",mk뉴스
"""올 것이 왔다"" K기업 초비상",https://www.mk.co.kr/news/business/11255418,"Tue, 04 Mar 2025 17:33:27 +09:00",mk뉴스
이대로면 … 2050년 어린이 10명중 3명 비만,https://www.mk.co.kr/news/it/11255413,"Tue, 04 Mar 2025 17:32:45 +09:00",mk뉴스
200만원 골프채·대회 상금 2억…파크골프 '쩐의 전쟁',https://www.mk.co.kr/news/society/11255412,"Tue, 04 Mar 2025 17:32:44 +09:00",mk뉴스
"""탄핵 선고일 폭력사태땐 캡사이신 사용 검토""",https://www.mk.co.kr/news/society/11255409,"Tue, 04 Mar 2025 17:31:13 +09:00",mk뉴스
서울에 '스카이뷰 전망대' 12곳 만든다,https://www.mk.co.kr/news/culture/11255410,"Tue, 04 Mar 2025 17:31:13 +09:00",mk뉴스
이재명 대장동재판 재개 '녹취록 확인' 신속 진행,https://www.mk.co.kr/news/society/11255408,"Tue, 04 Mar 2025 17:31:12 +09:00",mk뉴스
개강에도 의대교실 '썰렁' 학생들 돌아올 기약 없다,https://www.mk.co.kr/news/society/11255404,"Tue, 04 Mar 2025 17:31:11 +09:00",mk뉴스
"오세훈표 MAGA ""규제풀어야 韓성장""",https://www.mk.co.kr/news/society/11255405,"Tue, 04 Mar 2025 17:31:11 +09:00",mk뉴스
[포토] 2025 경찰대 150명 입학,https://www.mk.co.kr/news/society/11255406,"Tue, 04 Mar 2025 17:31:11 +09:00",mk뉴스
딥페이크·성착취물…미성년 성폭력 '최대',https://www.mk.co.kr/news/society/11255403,"Tue, 04 Mar 2025 17:31:10 +09:00",mk뉴스
첫발 뗀 대체거래소 …'한 종목 두개 주가' 나오기도,https://www.mk.co.kr/news/stock/11255399,"Tue, 04 Mar 2025 17:31:03 +09:00",mk뉴스
"""트럼프 2.0시대엔 스테이블 코인 유망 결제·송금혁신 가속""",https://www.mk.co.kr/news/stock/11255400,"Tue, 04 Mar 2025 17:31:03 +09:00",mk뉴스
갤S25 카메라에 160개 AI기술 탑재 中추격 따돌릴것,https://www.mk.co.kr/news/it/11255396,"Tue, 04 Mar 2025 17:29:37 +09:00",mk뉴스
자율비행 드론·집안일 로봇 … 통신사도 뛰어든 '피지컬 AI',https://www.mk.co.kr/news/it/11255394,"Tue, 04 Mar 2025 17:29:36 +09:00",mk뉴스
"트럼프, 加·멕시코 25%,中20%관세 발효…中·加도 즉각보복",https://www.hankyung.com/article/202503042369i,"Tue, 04 Mar 2025 19:14:11 +0900",한경
"AI 스타트업 베슬AI, 오픈소스 툴콜링 플랫폼 '하이퍼포켓' 공개",https://www.hankyung.com/article/202503042391i,"Tue, 04 Mar 2025 18:34:58 +0900",한경
"""트럼프 관세에도 해운 수요 늘 것""…日컨선 ONE, 250억달러 투자",https://www.hankyung.com/article/2025030421701,"Tue, 04 Mar 2025 18:08:28 +0900",한경
"TSMC, 美빅테크 물량 싹쓸이하나…고민 빠진 삼성",https://www.hankyung.com/article/2025030422661,"Tue, 04 Mar 2025 18:06:04 +0900",한경
"""TSMC, 보조금 아닌 美관세 때문에 투자""",https://www.hankyung.com/article/2025030422671,"Tue, 04 Mar 2025 18:04:45 +0900",한경
"美팹리스, 인텔 1.8나노에 관심…자국 기업 일감 몰아주나",https://www.hankyung.com/article/2025030422681,"Tue, 04 Mar 2025 18:04:01 +0900",한경
"""이자 장사만으론 안돼…혁신기업 지원이 금융의 역할""",https://www.hankyung.com/article/2025030422191,"Tue, 04 Mar 2025 17:58:45 +0900",한경
"""韓美, 에너지·조선…실무협의체 구성""",https://www.hankyung.com/article/2025030422121,"Tue, 04 Mar 2025 17:57:04 +0900",한경
"LB세미콘, '제59회 납세자의 날' 산업포장 수상",https://www.hankyung.com/article/202503042337i,"Tue, 04 Mar 2025 17:54:17 +0900",한경
쿠팡·C커머스 '초저가 공습'에 무너진 홈플러스,https://www.hankyung.com/article/2025030422591,"Tue, 04 Mar 2025 17:53:41 +0900",한경
"최상목 ""유산취득세 이달 발표""",https://www.hankyung.com/article/2025030422801,"Tue, 04 Mar 2025 17:53:00 +0900",한경
7조 홈플러스 M&A 후유증…MBK '벼랑끝 전술' 택했다,https://www.hankyung.com/article/2025030422581,"Tue, 04 Mar 2025 17:51:41 +0900",한경
"신보, 전국 8개 '기업밸류업센터' 개소",https://www.hankyung.com/article/2025030422271,"Tue, 04 Mar 2025 17:51:36 +0900",한경
"""50만원으로 한 달 살아야 합니다""…30대 '영끌족'의 눈물",https://www.hankyung.com/article/2025030421631,"Tue, 04 Mar 2025 17:49:26 +0900",한경
"한경협, 광주서 소상공인 경영 자문 상담회",https://www.hankyung.com/article/2025030422291,"Tue, 04 Mar 2025 17:49:18 +0900",한경
"GS건설, 인구문제 인식개선 캠페인",https://www.hankyung.com/article/2025030422261,"Tue, 04 Mar 2025 17:48:45 +0900",한경
MBK의 '차입 매수' 역풍…홈플러스 회생절차,https://www.hankyung.com/article/2025030421841,"Tue, 04 Mar 2025 17:48:37 +0900",한경
일 못해도 연차 높으면 고연봉…들고 일어난 2030 직원들,https://www.hankyung.com/article/2025030421591,"Tue, 04 Mar 2025 17:46:18 +0900",한경
'물질적 풍요'가 고픈 청년들,https://www.hankyung.com/article/2025030421651,"Tue, 04 Mar 2025 17:44:20 +0900",한경
'관세 공포'에 납작 엎드린 기업…설비투자 두자릿수 급감,https://www.hankyung.com/article/2025030421311,"Tue, 04 Mar 2025 17:44:09 +0900",한경
현대차그룹 사내 스타트업 솔라스틱·로아이 등 4곳 분사,https://www.hankyung.com/article/2025030422381,"Tue, 04 Mar 2025 17:41:55 +0900",한경
소비절벽 이어 투자절벽…성장률 1.5%도 무너지나,https://www.hankyung.com/article/2025030421871,"Tue, 04 Mar 2025 17:41:52 +0900",한경
"조원태 ""모두 하나의 목표 향해 나아가야""",https://www.hankyung.com/article/2025030422361,"Tue, 04 Mar 2025 17:41:34 +0900",한경
"삼성 갤럭시 AI폰 개발 주역 최원준 부사장, 사장 전격 승진",https://www.hankyung.com/article/2025030422351,"Tue, 04 Mar 2025 17:41:24 +0900",한경
"구광모 ""지금이 인도 1등 위한 골든타임""",https://www.hankyung.com/article/2025030422341,"Tue, 04 Mar 2025 17:41:08 +0900",한경
"트럼프 엄포에 TSMC도 결국 백기…""어쩌나"" 고민 빠진 삼성",https://www.hankyung.com/article/2025030421831,"Tue, 04 Mar 2025 17:40:52 +0900",한경
"'K발효유' hy 윌, 美·中 등 해외 공략",https://www.hankyung.com/article/2025030422541,"Tue, 04 Mar 2025 17:32:55 +0900",한경
"3000원·5000원 다이소 제품 쏟아지더니…""걷잡을 수 없을 지경""",https://www.hankyung.com/article/2025030422521,"Tue, 04 Mar 2025 17:32:49 +0900",한경
40% 넘게 폭등하더니 돌연…인기 여전한 한국 김에 무슨 일이,https://www.hankyung.com/article/2025030422501,"Tue, 04 Mar 2025 17:32:16 +0900",한경
"롯데百, 남성 육휴 3개월 대기업 첫 시행",https://www.hankyung.com/article/2025030422531,"Tue, 04 Mar 2025 17:31:18 +0900",한경
에버랜드 '가든패스' 출시…국내 첫 정원 구독 서비스,https://www.hankyung.com/article/2025030422511,"Tue, 04 Mar 2025 17:30:56 +0900",한경
"조현범 ""적자 한온시스템, 3년내 경영 정상화""",https://www.hankyung.com/article/2025030422011,"Tue, 04 Mar 2025 17:24:55 +0900",한경
태광산업 새 공동 대표에 유태호,https://www.hankyung.com/article/2025030422001,"Tue, 04 Mar 2025 17:24:19 +0900",한경
"HD현대건설기계 건설 장비, 중동·튀르키예 등 557대 수출",https://www.hankyung.com/article/2025030422021,"Tue, 04 Mar 2025 17:23:35 +0900",한경
"우리금융, 지주사·은행 사외이사 겸직 깬다",https://www.hankyung.com/article/2025030421541,"Tue, 04 Mar 2025 17:22:25 +0900",한경
"살라타 ""韓기업 40여곳에 투자 검토…클라우드·헬스케어 등 매력적""",https://www.hankyung.com/article/2025030421531,"Tue, 04 Mar 2025 17:21:35 +0900",한경
"새마을금고, 사상 첫 전국 동시 이사장 선거",https://www.hankyung.com/article/2025030421551,"Tue, 04 Mar 2025 17:20:31 +0900",한경
"日, 아동수당 1.7조엔 쏟아붓고도…아기 울음소리 되레 줄어",https://www.hankyung.com/article/2025030421691,"Tue, 04 Mar 2025 17:19:47 +0900",한경
전통 IB 기능 확대 나서는 메리츠증권,https://www.hankyung.com/article/2025030421561,"Tue, 04 Mar 2025 17:19:42 +0900",한경
"신한금융, 여성 사외이사 금융권 최대 4명으로 확대",https://www.hankyung.com/article/2025030421571,"Tue, 04 Mar 2025 17:19:23 +0900",한경
"드론비행 막고, 20m마다 신원 확인…'철통보안' 中 양회",https://www.hankyung.com/article/2025030421681,"Tue, 04 Mar 2025 17:19:20 +0900",한경
"올 수출 전망도 어둡다…""최악 땐 450억弗 감소""",https://www.hankyung.com/article/2025030421301,"Tue, 04 Mar 2025 17:17:19 +0900",한경
도요타 주식 사면 '전자화폐 3만엔' 받는다,https://www.hankyung.com/article/2025030420951,"Tue, 04 Mar 2025 17:16:03 +0900",한경
따로 노는 정책에 가계대출 '들썩'…지난달 5대 은행서만 3조 급증,https://www.hankyung.com/article/2025030421291,"Tue, 04 Mar 2025 17:15:48 +0900",한경
加·멕시코 25% 관세에…美 빅테크 '직격탄',https://www.hankyung.com/article/2025030420891,"Tue, 04 Mar 2025 17:13:23 +0900",한경
한국서만 잘 팔린 게 아니네…해외서 인기 폭발한 車 뭐길래,https://www.hankyung.com/article/202503042104i,"Tue, 04 Mar 2025 17:07:49 +0900",한경
"삼성 자회사 하만, 5년 만에 수장 교체…신임 CEO 누구?",https://www.hankyung.com/article/202503042056g,"Tue, 04 Mar 2025 16:53:43 +0900",한경
"국무위원들 ""마은혁 임명 숙고해야할 것 많다""…최상목은 침묵",https://www.hankyung.com/article/202503042037i,"Tue, 04 Mar 2025 16:48:18 +0900",한경
"공정위, 롯데 계열사간 '부동산 고가 거래' 혐의 현장조사",https://www.hankyung.com/article/202503042009i,"Tue, 04 Mar 2025 16:38:48 +0900",한경
"한국GM, 2월 내수 1482대 판매…전년 대비 25.4% 감소",https://www.hankyung.com/article/202503041982g,"Tue, 04 Mar 2025 16:33:37 +0900",한경
"홈플러스, 기업회생절차 신청…""매장 영업은 정상 운영""",https://news.jtbc.co.kr/article/NB12237464,2025.03.04,jtbc
오늘부터 '대체거래소' 열린다…출·퇴근길에도 '주식 거래' 가능,https://news.jtbc.co.kr/article/NB12237427,2025.03.04,jtbc
"""반갑다 반값!"" 순식간 매진…'고물가 방어' 나선 유통업체들",https://news.jtbc.co.kr/article/NB12237376,2025.03.03,jtbc
"""신입도 '경력직'만 뽑아요""…질 낮은 일자리 돌고 도는 청년들",https://news.jtbc.co.kr/article/NB12237377,2025.03.03,jtbc
출·퇴근길 주식 거래도 'OK'…'대체거래소'가 불러올 변화는?,https://news.jtbc.co.kr/article/NB12237381,2025.03.03,jtbc
"트럼프 ""전략 비축"" 한마디에…거론된 가상화폐 수직상승",https://news.jtbc.co.kr/article/NB12237383,2025.03.03,jtbc
"다이소 진출한 건기식, 약국은 왜 반발하나",https://www.chosun.com/economy/science/2025/03/04/FLG7FWPWLCPIZYSZCMCLWDYPU4/,"Tue, 04 Mar 2025 10:10:28 +0000",조선일보
전기차 보조금 한 달 빨리 결정됐더니...2월 완성차 5사 내수 늘었다,https://www.chosun.com/economy/auto/2025/03/04/K5RBLU6XRRGMDCVYPVPCHI5UO4/,"Tue, 04 Mar 2025 09:35:29 +0000",조선일보
"공정위, 롯데홈쇼핑 및 롯데웰푸드 현장조사...‘부당지원’ 혐의",https://www.chosun.com/economy/economy_general/2025/03/04/7DMRINZWF5ABHNUR6PZJDDMNZE/,"Tue, 04 Mar 2025 09:34:27 +0000",조선일보
"주가 상승 가로막는 중복상장, 韓日 상황 비교해봤더니",https://www.chosun.com/economy/money/2025/03/04/HX3TLCEF7ZFYVADRIHSLN4UGKE/,"Tue, 04 Mar 2025 08:14:40 +0000",조선일보
"[바이오게시판] 삼성서울병원·삼성전자, 의료용 X선 최적화 기술 ‘S-AEC 백서’ 발간",https://www.chosun.com/economy/science/2025/03/04/M5I5DEYKPAQ4M4UL7YGSI3KTDA/,"Tue, 04 Mar 2025 09:12:31 +0000",조선일보
K바이오·백신 3호 펀드 운용사에 데일리파트너스·NH투자증권 공동 선정,https://www.chosun.com/economy/science/2025/03/04/ITHEUSMTHHFY2LJ2GRQAOVSNF4/,"Tue, 04 Mar 2025 08:56:49 +0000",조선일보
"안덕근 산업장관 “미국과 조선, 에너지, 관세 등 5개 분야 협의체 구성 합의”",https://www.chosun.com/economy/industry-company/2025/03/04/HNQBCPNEDFCMREFYCCQ6O3CAY4/,"Tue, 04 Mar 2025 08:00:00 +0000",조선일보
"[과학게시판] ETRI, 5G 스몰셀 기지국 SW 개발 外",https://www.chosun.com/economy/science/2025/03/04/R2PSHXLUWIIVSU7K5SW2NUYXGY/,"Tue, 04 Mar 2025 08:39:34 +0000",조선일보
지진희·박하선 모범 납세자 표창,https://www.chosun.com/economy/economy_general/2025/03/04/HSVIQIEAWRDD7OTTK2YHDDJ3UI/,"Tue, 04 Mar 2025 07:00:00 +0000",조선일보
"트럼프 한 마디에 오락가락 美 증시, 지금이라도 팔까 말까",https://www.chosun.com/economy/money/2025/03/04/QMYSXWODNXNJ4Y2L4VFSUK2P4E/,"Tue, 04 Mar 2025 08:36:57 +0000",조선일보
"카카오뱅크, 차기 대표에 윤호영… 5연임 성공",https://www.chosun.com/economy/money/2025/03/04/CVAPJBQGF6FAVJCM4FZIPHA42Q/,"Tue, 04 Mar 2025 08:32:52 +0000",조선일보
"대체거래소 출범 첫날, 활성화까진 아직... 애프터마켓 최대 화제주는 와이지엔터",https://www.chosun.com/economy/money/2025/03/04/EKKIYFIPAQGC6W4KKE6POLDPU4/,"Tue, 04 Mar 2025 08:27:15 +0000",조선일보
"현대차, 튀르키예서 전기차 만든다...유럽 시장 공략",https://www.chosun.com/economy/auto/2025/03/04/VNNWCDUIRNAW3EZAAG5X7OKT3U/,"Tue, 04 Mar 2025 07:30:23 +0000",조선일보
"“내 나이가 어때서”... 코스닥 CEO, 60대 이상이 49%로 최대",https://www.chosun.com/economy/money/2025/03/03/CSXOLA3MTFHTLDKV7VG5CPX3SU/,"Mon, 03 Mar 2025 08:18:03 +0000",조선일보
"홈플러스 사태, 이지스자산운용 펀드에 직격탄 ""만기연장하고 배당금은 끊긴다""",https://www.chosun.com/economy/realty/realestate_finance/2025/03/04/H6TZKSFB7F7IX3VMDUJ4FHGFUM/,"Tue, 04 Mar 2025 09:16:42 +0000",조선일보
"KT, 6G 시대 핵심 기술로 위성·양자·AI 꼽아… “관련 기술 선점할 것”",https://www.chosun.com/economy/industry-company/2025/03/04/GYRWCDFLIFCJRMI2B6Y56UCT3Y/,"Tue, 04 Mar 2025 02:28:11 +0000",조선일보
위믹스 코인 865만개 해킹 피해에…위메이드 11%대 급락,https://www.chosun.com/economy/money/2025/03/04/QXLOAOBDY3IYPWK4NA4M7BFCVU/,"Tue, 04 Mar 2025 08:05:43 +0000",조선일보
"LG 구광모, 처음 인도로 간 이유는?",https://www.chosun.com/economy/industry-company/2025/03/04/RSEZTZIJYJCMXJAWK2HBGCAYE4/,"Tue, 04 Mar 2025 02:07:20 +0000",조선일보
‘청약 심리 위축’에 2월 예정 물량 중 42%만 실제 분양,https://www.chosun.com/economy/real_estate/2025/03/04/M3GVUCQRHJB3XHFJ5TXCSE3RSA/,"Tue, 04 Mar 2025 01:18:27 +0000",조선일보
"금감원, 네이버페이 방문해 대형 핀테크·PG사 CEO와 간담회",https://www.chosun.com/economy/money/2025/03/04/FPMBNXUL4TFIUNYOEYK7PBK3IY/,"Tue, 04 Mar 2025 07:50:28 +0000",조선일보
“글로벌 빅테크와 협력… GPU 6만장 규모 AI 데이터센터 구축”,https://www.chosun.com/economy/industry-company/2025/03/04/A3YN2N4VGJBTVDOSFVHVKC7RQ4/,"Mon, 03 Mar 2025 16:22:47 +0000",조선일보
서울 아파트 거래 회복… 반년 만에 4000건 넘나,https://www.chosun.com/economy/real_estate/2025/03/04/KURDOVPIFBBD5MFDDTWOU4UZYE/,"Mon, 03 Mar 2025 16:23:07 +0000",조선일보
신생아 특례 대출 1년새 10조… 재원 관리 고민 깊은 정부,https://www.chosun.com/economy/real_estate/2025/03/04/XZ2KSUJ5SFFAHC6GRSCMSVSQKQ/,"Mon, 03 Mar 2025 16:26:46 +0000",조선일보
엑손모빌도 철수했는데 美 알래스카 LNG 제안… 속내 복잡한 국내업계,https://www.chosun.com/economy/industry-company/2025/03/04/2WJN3TQUL5GTXJDH3LDYWX7JYM/,"Mon, 03 Mar 2025 16:27:05 +0000",조선일보
머스크는 잘나가는데… 테슬라는 실적·주가 ‘내리막’,https://www.chosun.com/economy/auto/2025/03/04/XHFET6RYXJE2HKDKZB3OFY3D7U/,"Mon, 03 Mar 2025 16:29:09 +0000",조선일보
"신한금융, 사외이사 2명 교체…여성 비율 45%",https://www.chosun.com/economy/money/2025/03/04/M7RAS256VGUTT2X7PGKZA6WJQY/,"Tue, 04 Mar 2025 07:47:03 +0000",조선일보
차세대 원통형 배터리 등 신제품 한자리에,https://www.chosun.com/economy/industry-company/2025/03/04/7BKGLZA2PBEOPE74IQLH2S43Z4/,"Mon, 03 Mar 2025 16:30:05 +0000",조선일보
"AS 기사와 소통을 AI에 맡겼더니, 매출 135억원 대박",https://www.chosun.com/economy/startup_story/2025/03/04/2RVI3YFZGNEJJGZPTFWYMR26O4/,"Tue, 04 Mar 2025 04:50:00 +0000",조선일보
“GPT-4.5 거대하고 비싼 모델”… 올트먼도 비판적 평가,https://www.chosun.com/economy/tech_it/2025/03/04/4BI4ZMZ2I5HQVBH2CUJYR6245Y/,"Mon, 03 Mar 2025 16:30:25 +0000",조선일보
금리 내리는데… 예대금리차는 2년 반 만에 최대,https://www.chosun.com/economy/money/2025/03/04/VRPQJA2LHRDMPBHCJKB43247R4/,"Mon, 03 Mar 2025 16:31:55 +0000",조선일보
"“엔화 강세 시대 日 증시, 자동차 등 수출주 대신 IT·방산 기업 주목을”",https://www.chosun.com/economy/money/2025/03/04/7S3TT6ICFFFJ3DDSZSZ6BMG2W4/,"Mon, 03 Mar 2025 16:32:14 +0000",조선일보
빨라지는 코스닥 CEO 고령화… 60대 이상이 49% 역대 최다,https://www.chosun.com/economy/money/2025/03/04/JWJ6V4UX3BACJA7WDIKHYIABRQ/,"Mon, 03 Mar 2025 16:32:40 +0000",조선일보
"퇴직 공무원 ‘절세’하려… IRP로 퇴직 수당 이체, 2년 새 7배 늘었다",https://www.chosun.com/economy/money/2025/03/04/OX3TLEYVJZHBLMWWUVT777R7PU/,"Mon, 03 Mar 2025 16:34:39 +0000",조선일보
"금감원, PF 정리 미루는 안국저축은행에 ‘경영유의’ 조치",https://www.chosun.com/economy/money/2025/03/04/2QYPYCNBDW5IIKNMFRMFFUHJRI/,"Tue, 04 Mar 2025 07:41:21 +0000",조선일보
K바이오 유망 종목? “알테오젠·리가켐바이오·ABL바이오”,https://www.chosun.com/economy/money/2025/03/04/25CD4ZDWUFHE7NYCOURUGJ72B4/,"Mon, 03 Mar 2025 16:35:22 +0000",조선일보
피부양자 탈락해도… 이렇게 하면 건보료 줄일 수 있어요,https://www.chosun.com/economy/money/2025/03/04/VQI4CY7RVZDK7FX37E6F5RKQYM/,"Mon, 03 Mar 2025 16:35:37 +0000",조선일보
"퇴직교사 A씨, 월 건강보험료 30만원→8만5000원 확 낮춘 방법",https://www.chosun.com/economy/money/2025/03/04/QEY5K7WSURDXJHAUDR74UWTVMI/,"Mon, 03 Mar 2025 20:55:00 +0000",조선일보
"위믹스, 90억 규모 해킹 피해… 2차 상장폐지 우려",https://www.chosun.com/economy/money/2025/03/04/RFUWGRTV7VPVIDCLKP6KRFYFSU/,"Tue, 04 Mar 2025 07:36:07 +0000",조선일보
"TSMC, 美에 146조원 추가 투자 약속",https://www.chosun.com/economy/tech_it/2025/03/04/U6H7JR5A7JD25KM5JAVUYC6IEM/,"Mon, 03 Mar 2025 22:18:35 +0000",조선일보
[마켓뷰] 左방산 右조선... 美 관세 공포에도 2520선 지킨 코스피,https://www.chosun.com/economy/money/2025/03/04/6LM7KLMXW7WQNKZ5Y3PDZ7U7CA/,"Tue, 04 Mar 2025 07:25:36 +0000",조선일보
"[단독] '종부세 환급 사기 논란' 삼정KPMG, 1심 패소…42억 배상 위기",https://www.chosun.com/economy/realty/realestate_news/2025/03/04/76H7FH3ACPXTK2ANOGMEST3JPU/,"Tue, 04 Mar 2025 07:25:05 +0000",조선일보
"AI로 무장한 전기차, AI 데이터센터… 전시장 뒤덮은 ‘AI’",https://www.chosun.com/economy/industry-company/2025/03/04/R2ZF4HWOMJBKXN4OKBDFK46PWQ/,"Mon, 03 Mar 2025 16:22:29 +0000",조선일보
[주요국 증시지표] 2025년 3월 3일자,https://www.chosun.com/economy/economy_general/2025/03/04/UW2EPGKO75HYPKQVJ2BWNHRBR4/,"Mon, 03 Mar 2025 16:20:32 +0000",조선일보
"‘양회’ 앞두고… 中 테크 기업들, 대규모 AI 투자 잇따라",https://www.chosun.com/economy/tech_it/2025/03/04/KSFANIOX5RANJFKCZKBCDAC5CQ/,"Mon, 03 Mar 2025 16:19:58 +0000",조선일보
[모닝] 못 말리는 돼지고기 사랑… 작년 1인당 30㎏ 먹었다,https://www.chosun.com/economy/economy_general/2025/03/04/CL2YYZMINFDPPCJUIROOZNZLLI/,"Mon, 03 Mar 2025 16:19:35 +0000",조선일보
트럼프 “5개 코인 전략비축”… 원유·희토류급 격상,https://www.chosun.com/economy/economy_general/2025/03/04/3JIGIOMFRJFGFNRKFSSP3WUGIQ/,"Mon, 03 Mar 2025 16:19:14 +0000",조선일보
“꿈 먹고 자란 테마도 결국 성과가 관건이네”… 양자컴·메타버스와 다른 AI·이차전지株,https://www.chosun.com/economy/money/2025/03/04/FEWD6UBYQK6QKTHSWDZOYGH2RM/,"Tue, 04 Mar 2025 07:13:57 +0000",조선일보
의교협 등 의료단체 8곳 “내년 의대 정원 증원 이전으로 돌려달라”…정부에 공문 보내,https://www.chosun.com/economy/science/2025/03/04/XJ7GPIIZ2G2I7ZTPFKT3ZNG5I4/,"Tue, 04 Mar 2025 07:09:44 +0000",조선일보
[오늘의 천체사진] 이탈리아 토리노 상공 붉은 달,https://www.chosun.com/economy/science/2025/03/04/4G745G6SDAGAMFJRHGHFULIVXQ/,"Tue, 04 Mar 2025 07:06:30 +0000",조선일보
잠실우성 2차 입찰에 GS건설 단독 참여…삼성물산 예상 밖 불참,https://www.chosun.com/economy/realty/redevelop/2025/03/04/OVX2RK6O6JQUIOD67CAG3FRCW4/,"Tue, 04 Mar 2025 06:59:57 +0000",조선일보
2위 대형마트 홈플러스 기업회생절차 개시… 사모펀드  MBK 소유,https://www.chosun.com/economy/industry-company/2025/03/04/XND4HMLPSZHZ7MNVF2FWY3SQTM/,"Tue, 04 Mar 2025 00:14:20 +0000",조선일보
집주인인 줄 알았더니… “당근마켓 부동산 직거래로 1400만원 뜯겼다”,https://www.chosun.com/economy/realty/realestate_news/2025/02/25/XEOD7IZX2GWQIRCDHMM75RMHO4/,"Mon, 24 Feb 2025 21:00:00 +0000",조선일보
비보존제약 ‘어나프라주’ 대한민국신약개발 대상 수상,https://www.chosun.com/economy/science/2025/03/04/2BQVLR3EUNRNGDPA3BPDPRGXDU/,"Tue, 04 Mar 2025 06:44:17 +0000",조선일보
오후 8시까지 주식 매매...삼성전자·하이닉스는 24일부터 거래,https://www.chosun.com/economy/money/2025/03/03/3XN7CHUPKVF7DLCSZB7IHVOOWM/,"Mon, 03 Mar 2025 08:42:29 +0000",조선일보
2월 반도체 수출액 16개월 만에 감소,https://www.chosun.com/economy/money/2025/03/03/FKSCEANVBVDA3JLJQHYG47ZM5Q/,"Sun, 02 Mar 2025 15:52:00 +0000",조선일보
"안덕근, 美통상 수장들에 “한국에 관세 부과해도 타국보다 불리해선 안돼”",https://www.chosun.com/economy/economy_general/2025/03/03/PEPWOZSMVJEGFJ4KLK4GA2IYUM/,"Sun, 02 Mar 2025 15:52:00 +0000",조선일보
“개인 금 투자 7배 급증…‘트럼프 리스크’에 사재기 이어질 듯”,https://www.chosun.com/economy/stock-finance/2025/03/03/KQLCUFPLXVAHHN6YNGG6NCRTWU/,"Mon, 03 Mar 2025 06:00:22 +0000",조선일보
1월 서울 아파트 평균가격 13억8289만원...역대 최고,https://www.chosun.com/economy/real_estate/2025/03/02/RNOY6YTQ4JCN3OC5ZPKMVJMRMA/,"Sun, 02 Mar 2025 04:12:13 +0000",조선일보
"中 1위 전기차 업체 BYD, 유럽에 세 번째 공장 짓는다",https://www.chosun.com/economy/auto/2025/03/03/ERF5D22NVZB4JKRXCSHVMXVQ7Y/,"Mon, 03 Mar 2025 04:30:00 +0000",조선일보
"삼성·LG, 올여름 무더위 앞두고 ‘에어컨 사전 점검 서비스’",https://www.chosun.com/economy/tech_it/2025/03/03/2HVVBH2QCFH7NFDVVWF6PIQODI/,"Mon, 03 Mar 2025 04:19:05 +0000",조선일보
탈모샴푸로 대박 낸 카이스트 교수 “겨우 샴푸라뇨. 과학입니다”,https://www.chosun.com/economy/startup_story/2025/03/03/OVJNZISCZBD3RC6YJI7LKBZVIA/,"Mon, 03 Mar 2025 08:23:11 +0000",조선일보
"웃돈 6배 붙고 싸움까지…美서 난리난 핑크 텀블러, 한국 뜬다",https://www.chosun.com/economy/economy_general/2025/03/04/4QYMMZU4UNFSTLXJYNPSSGKX5Y/,"Tue, 04 Mar 2025 05:37:43 +0000",조선일보
“인류 아닌 미국 시민 위해”…달에도 미국 우선주의 깃발,https://www.chosun.com/economy/science/2025/03/04/UZJSMYRDZQNVS2ULK7XJPEBGTA/,"Tue, 04 Mar 2025 06:14:48 +0000",조선일보
"韓 뒤처지는 사이, 中 ‘지금 연봉의 9배’ 조건에 AI 인재 빨아들여",https://www.chosun.com/economy/money/2025/03/03/RDRXYBZNK5EDHABLW4S5NE7KMM/,"Sun, 02 Mar 2025 21:00:00 +0000",조선일보
"종근당고촌재단, 장학생 409명에 장학금·무상기숙사 지원",https://www.chosun.com/economy/science/2025/03/04/URJN6KALLDFTODJVULAOXCEVTM/,"Tue, 04 Mar 2025 06:07:15 +0000",조선일보
[주간경제지표] 2025년 2월 28일자,https://www.chosun.com/economy/stock-finance/2025/03/03/DB2ZF4BJAFG6RHK5DCZIPB5CEQ/,"Sun, 02 Mar 2025 15:52:00 +0000",조선일보
"쌍용건설, 부산 서면 초역세권에 48층 아파트 짓는다…분양은 언제",https://www.chosun.com/economy/realty/apartment_sales/2025/03/04/FERBSTHHHOS4AV2WHEGTEOZ4YQ/,"Tue, 04 Mar 2025 07:06:59 +0000",조선일보
부메랑 된 관세 폭탄… 美 마이너스 성장 전망까지 나와,https://www.chosun.com/economy/economy_general/2025/03/03/3OVOYQUAXRCYFFCODMWO5MJ64A/,"Sun, 02 Mar 2025 15:52:00 +0000",조선일보
"이엔셀, 셀레브레인 줄기세포 치료제 위탁생산 계약",https://www.chosun.com/economy/science/2025/03/04/FCKILJJXLGPR44J6YCXABEKF5E/,"Tue, 04 Mar 2025 05:53:49 +0000",조선일보
"모바일 월드 콩그레스 오늘 개막... 中 화웨이 부스, 삼성의 5배 크기",https://www.chosun.com/economy/industry-company/2025/03/03/BUXVHTAVKBDJNPIR72FGGBVRQ4/,"Sun, 02 Mar 2025 15:02:22 +0000",조선일보
"美 기업 달 착륙선 ‘블루고스트’, 달에 안착...민간 2번째",https://www.chosun.com/economy/science/2025/03/02/GFZWHM7C2BEH5NQOL4AZQ7PI3A/,"Sun, 02 Mar 2025 08:51:02 +0000",조선일보
“중국이 반도체 연구 선두”…미국 연구소가 인정,https://www.chosun.com/economy/science/2025/03/04/TKKZNR3RODZ5QYIYK75MKUQ22Q/,"Tue, 04 Mar 2025 05:31:42 +0000",조선일보
"스타에스엠리츠, 거래재개 위한 TF팀 구성",https://www.chosun.com/economy/money/2025/03/04/UJO22KZFH5WRESWWXNPBJAB5XY/,"Tue, 04 Mar 2025 05:25:22 +0000",조선일보
"신한투자증권, 美 AI 클라우드 기업 ‘람다’에 135억원 투자",https://www.chosun.com/economy/money/2025/03/04/SHLAZ66LUMDN4PZ2UL3NGWBYOQ/,"Tue, 04 Mar 2025 05:23:51 +0000",조선일보
홈플러스 회생절차 개시… MBK “불가피한 결정이었다”,https://www.chosun.com/economy/money/2025/03/04/VSQHPAGBOQSCJBVAGD2XICAMHY/,"Tue, 04 Mar 2025 05:18:27 +0000",조선일보
"현대차·기아, 미국서 2월 역대 최고 판매 기록... 인기 모델은?",https://www.chosun.com/economy/auto/2025/03/02/2S2KEUKALNH3DJRAMAWM62SEG4/,"Sun, 02 Mar 2025 05:14:16 +0000",조선일보
가계대출 일별 관리 시작한 은행… 대출 조기 동나 ‘셧다운’ 발생,https://www.chosun.com/economy/money/2025/03/04/TBEN3HQAAPOUJKYDXOZ7OPAF7I/,"Tue, 04 Mar 2025 05:16:10 +0000",조선일보
"트럼프, 목재에 ’25%관세‘…한국산 싱크대도 직접 겨냥",https://www.chosun.com/economy/economy_general/2025/03/02/HGMY5MD355ATTGTI2NVRSYQBTU/,"Sun, 02 Mar 2025 02:21:27 +0000",조선일보
"손정의, 오픈AI 투자 위해 23조원 대출 논의",https://www.chosun.com/economy/tech_it/2025/03/02/7GMTHXYVFNGGHKM2SJRB5C7XZE/,"Sun, 02 Mar 2025 02:04:08 +0000",조선일보
[오로라의 베이워치] 22살 ‘스카이프’ 역사 속으로,https://www.chosun.com/economy/tech_it/2025/03/02/FE2P7YGVWJDDXL3GLHMIICMM3A/,"Sun, 02 Mar 2025 01:37:39 +0000",조선일보
"국산 딸기, 브라질 수출길 열려...남미 국가 중 처음",https://www.chosun.com/economy/economy_general/2025/03/05/O6AZV5M3KFBPJAKCJ6SHLRKTIU/,"Tue, 04 Mar 2025 04:27:38 +0000",조선일보
"빚부담에 유동성 비상… MBK, 홈플러스 SSM 분리매각도 중단",https://www.chosun.com/economy/money/2025/03/04/HIYI2BCACYAIYTNBXY6EBDTC6E/,"Tue, 04 Mar 2025 04:46:30 +0000",조선일보
"영국·유럽 장기 거주한 1만6000명, 헌혈 가능해진다",https://www.chosun.com/economy/science/2025/03/04/4YV76XRYGFABLY42FLFSLR2VGI/,"Tue, 04 Mar 2025 04:38:08 +0000",조선일보
"밀가루 걱정 없는 97.7% 쌀국수, 멸치·곰탕 육수로 노포 국수 맛 재현",https://www.chosun.com/economy/startup_story/2025/03/04/ORLIVYDFANAZDL3SPR2BKD5WXI/,"Mon, 03 Mar 2025 20:35:00 +0000",조선일보
"MBK, 영화엔지 이어 홈플러스까지… 법원 문 두드리는 것만 두 번째",https://www.chosun.com/economy/money/2025/03/04/QWQ6GPBSAZLHSXUNTAKZ6LZSJQ/,"Tue, 04 Mar 2025 04:30:00 +0000",조선일보
"[단독] ""서울 새 아파트는 불패"" 고분양가 논란 구의동 롯데캐슬, 감정가 2년만에 70% 폭등",https://www.chosun.com/economy/realty/realestate_news/2025/03/04/JSE3DDG6QUO7LUJG723CGJRZ3I/,"Tue, 04 Mar 2025 04:30:22 +0000",조선일보
"국내 첫 대체거래소 공식 출범… 김병환 “불공정거래 차단, 복수 시장 철저 관리”",https://www.chosun.com/economy/money/2025/03/04/J2B3WFSLMR2CHYFAYXODFDC3SA/,"Tue, 04 Mar 2025 04:23:32 +0000",조선일보
"HL디앤아이한라, 남구로역세권 재개발 사업 수주",https://www.chosun.com/economy/realty/redevelop/2025/03/04/QZDUIFSFCK4KO7RZTNQH3IS2FE/,"Tue, 04 Mar 2025 04:20:07 +0000",조선일보
"'기업 회생' 홈플러스에 1.2조 빌려준 메리츠 ""자금회수 문제 없어""",https://www.chosun.com/economy/money/2025/03/04/MUEZHSCCHDNZTYNC5HUIZLRLNU/,"Tue, 04 Mar 2025 03:35:26 +0000",조선일보
美 관세에도 버티는 코스피… 코스닥은 1%대 약세,https://www.chosun.com/economy/money/2025/03/04/W56JNWGKIMZPUHQNPLJMCDUGZA/,"Tue, 04 Mar 2025 03:10:00 +0000",조선일보
"“개인정보 유출, 코인으로 보상받으세요”… 가짜 코인 사기 확산",https://www.chosun.com/economy/money/2025/03/04/TI5IH642EV2LKM3L7XJJ36N2HI/,"Tue, 04 Mar 2025 03:07:08 +0000",조선일보
"비만 아동·청소년의 음식 중독, 정신 건강에도 영향",https://www.chosun.com/economy/science/2025/03/04/LTERDF2NAURF37VJUK6OIXB4NM/,"Tue, 04 Mar 2025 03:00:00 +0000",조선일보
NH투자증권 “美 주식 거래·환전 수수료 12개월 ‘제로’ 이벤트 실시”,https://www.chosun.com/economy/money/2025/03/04/BWAFKNEATAXWZUPFXWFEVN2GVM/,"Tue, 04 Mar 2025 02:49:42 +0000",조선일보
"‘IPO 재도전’ 서울보증보험, 공모가 하단 2만6000원 확정… 시총 1.8조원",https://www.chosun.com/economy/money/2025/03/04/M5YYUXVXLRORI7ZQ2WZZBQR2NU/,"Tue, 04 Mar 2025 02:47:06 +0000",조선일보
[단독] 최대 3000억원 쏜다… 현대차그룹 벤처투자 운용사에 한투파 ‘유력’,https://www.chosun.com/economy/money/2025/03/04/E6UFWY7J4K67DDZ4RYIST5MODU/,"Tue, 04 Mar 2025 02:45:50 +0000",조선일보
"키움운용, ETF운용본부·글로벌리서치팀 신설",https://www.chosun.com/economy/money/2025/03/04/YMMEZUN5HSOCUB5XNWGN3MVYRE/,"Tue, 04 Mar 2025 02:41:17 +0000",조선일보
"사모펀드가 알짜 점포 다 팔아치우더니…국민마트 홈플러스, 기업회생절차 신청",https://www.chosun.com/economy/realty/realestate_industry/2025/03/04/CHTNWXQOQKYK4VNAYLWZT4K6X4/,"Tue, 04 Mar 2025 04:06:45 +0000",조선일보
"금감원, 회계·IT 경력직 채용 공고",https://www.chosun.com/economy/money/2025/03/04/AN7LDZJRTC23MH2MAWLEX36D2Q/,"Tue, 04 Mar 2025 02:33:19 +0000",조선일보
"삼성바이오 놓쳤다면 이 주식 사라, 5년 후 큰 돈 벌게 해줄 바이오 주식 3개",https://www.chosun.com/economy/money/2025/02/28/UOASQN2D3NHJ7P32AZW7TF4GN4/,"Thu, 27 Feb 2025 21:00:01 +0000",조선일보
"배터리 화재 걱정 ‘뚝’…KAIST, 저렴한 촉매로 아연-공기 배터리 개발",https://www.chosun.com/economy/science/2025/03/04/CBAN3BUOZETWYOLZRMMGQYV5QQ/,"Tue, 04 Mar 2025 02:19:30 +0000",조선일보
"현대제철, 포항공장 기술직 1200명 희망퇴직 받는다",https://www.khan.co.kr/article/202503041827001/?utm_source=khan_rss&utm_medium=rss&utm_campaign=economy_news,,경향신문
1만원대에 5G 20GB 기본 제공···알뜰폰 요금제 속속 출시,https://www.khan.co.kr/article/202503041730001/?utm_source=khan_rss&utm_medium=rss&utm_campaign=economy_news,,경향신문
안덕근 산업부 장관 “한·미 산업·통상·자원 상시 협의체 구축”,https://www.khan.co.kr/article/202503041727001/?utm_source=khan_rss&utm_medium=rss&utm_campaign=economy_news,,경향신문
‘트럼프’ 가상자산 비축자산 편입에도 가상자산 폭락···트럼프 이해상충 논란에 가상자산 ‘흔들’,https://www.khan.co.kr/article/202503041715001/?utm_source=khan_rss&utm_medium=rss&utm_campaign=economy_news,,경향신문
[팩트체크]초고령화 진입한 일본은 상속세 강화···거꾸로 가자는 여야,https://www.khan.co.kr/article/202503041655001/?utm_source=khan_rss&utm_medium=rss&utm_campaign=economy_news,,경향신문
본격화한 트럼프발 ‘관세대전’…커지는 불확실성 속 고심하는 한국 기업들,https://www.khan.co.kr/article/202503041641001/?utm_source=khan_rss&utm_medium=rss&utm_campaign=economy_news,,경향신문
1000억달러 추가 투자 발표한 TSMC···복잡해진 한국 반도체 셈법,https://www.khan.co.kr/article/202503041626001/?utm_source=khan_rss&utm_medium=rss&utm_campaign=economy_news,,경향신문
2030세대가 부동산 ‘영끌’ 하는 데는 ‘이 경험’도 큽니다,https://www.khan.co.kr/article/202503041551001/?utm_source=khan_rss&utm_medium=rss&utm_campaign=economy_news,,경향신문
"홈플러스, 기업회생절차 돌입…사전예방이라지만, “터질 게 터졌다”",https://www.khan.co.kr/article/202503041538001/?utm_source=khan_rss&utm_medium=rss&utm_campaign=economy_news,,경향신문
"롯데백화점, 남성 자동 육아휴직 3개월로 확대",https://www.khan.co.kr/article/202503041536011/?utm_source=khan_rss&utm_medium=rss&utm_campaign=economy_news,,경향신문
"대한항공, 창립 56주년 맞아 새 기업 가치 체계 ‘KE Way’ 선포",https://www.khan.co.kr/article/202503041532001/?utm_source=khan_rss&utm_medium=rss&utm_campaign=economy_news,,경향신문
겹악재에 출구 안 보이는 한국 경제···1월 생산·소비·투자 ‘트리플 감소’,https://www.khan.co.kr/article/202503041518001/?utm_source=khan_rss&utm_medium=rss&utm_campaign=economy_news,,경향신문
‘봄 분양’ 옛말일까···활기 없는 아파트 분양 시장,https://www.khan.co.kr/article/202503041451001/?utm_source=khan_rss&utm_medium=rss&utm_campaign=economy_news,,경향신문
"셀트리온, 골 질환 치료제 바이오시밀러 미 FDA 허가",https://www.khan.co.kr/article/202503041406001/?utm_source=khan_rss&utm_medium=rss&utm_campaign=economy_news,,경향신문
[MWC25]통신사가 MWC 전시장에 편의점을 차린 이유는,https://www.khan.co.kr/article/202503041405001/?utm_source=khan_rss&utm_medium=rss&utm_campaign=economy_news,,경향신문
“전 세계 단 200병 판매”…‘조니워커 52년’ 국내 공개,https://www.khan.co.kr/article/202503041357001/?utm_source=khan_rss&utm_medium=rss&utm_campaign=economy_news,,경향신문
‘잘나가는 K-딸기’ 브라질에도 수출한다…검역 협상 타결,https://www.khan.co.kr/article/202503041226001/?utm_source=khan_rss&utm_medium=rss&utm_campaign=economy_news,,경향신문
"스타벅스, 새봄 맞이 ‘슈크림’ 페스티벌 펼친다",https://www.khan.co.kr/article/202503041133001/?utm_source=khan_rss&utm_medium=rss&utm_campaign=economy_news,,경향신문
"HD현대건설기계, 중동·튀르키예 557대 건설장비 수주",https://www.khan.co.kr/article/202503041117001/?utm_source=khan_rss&utm_medium=rss&utm_campaign=economy_news,,경향신문
"충북농기원, 토종효모 활용한 로제 스파클링 와인 제조기술 특허출원",https://www.khan.co.kr/article/202503041114001/?utm_source=khan_rss&utm_medium=rss&utm_campaign=economy_news,,경향신문
"‘철수설’ 한국GM 사장, 현장 다독이며 “내수 성장” 강조",https://www.khan.co.kr/article/202503041103001/?utm_source=khan_rss&utm_medium=rss&utm_campaign=economy_news,,경향신문
"[MWC25]SKT, 글로벌 이동 통신사들과 ‘AI 협력’ 강화",https://www.khan.co.kr/article/202503041046001/?utm_source=khan_rss&utm_medium=rss&utm_campaign=economy_news,,경향신문
조현범 “글로벌 불확실성 증폭…향후 3년이 정말 중요”,https://www.khan.co.kr/article/202503041043001/?utm_source=khan_rss&utm_medium=rss&utm_campaign=economy_news,,경향신문
부산 초량 이바구길 청년 문화·관광 창업공간으로 변신,https://www.khan.co.kr/article/202503041041011/?utm_source=khan_rss&utm_medium=rss&utm_campaign=economy_news,,경향신문
SSG닷컴 “새벽배송 이용 강남3구 고객 10명 중 4명은 고액 구매…신선식품 인기”,https://www.khan.co.kr/article/202503041041001/?utm_source=khan_rss&utm_medium=rss&utm_campaign=economy_news,,경향신문
"“안주하면 미래 없다”…현대차그룹, 사내 스타트업 4곳 분사 결정",https://www.khan.co.kr/article/202503041026001/?utm_source=khan_rss&utm_medium=rss&utm_campaign=economy_news,,경향신문
구광모 LG 회장 “지금이 인도에서 지속 가능한 1등을 위한 골든타임”,https://www.khan.co.kr/article/202503041000001/?utm_source=khan_rss&utm_medium=rss&utm_campaign=economy_news,,경향신문
"홈플러스, 기업회생절차 신청 “영업은 정상 운영…사전예방적 차원 신청”",https://www.khan.co.kr/article/202503040927001/?utm_source=khan_rss&utm_medium=rss&utm_campaign=economy_news,,경향신문
[속보]코로나 이후 1월 산업생산 최대 감소···생산·소비·투자 ‘트리플 감소’,https://www.khan.co.kr/article/202503040800031/?utm_source=khan_rss&utm_medium=rss&utm_campaign=economy_news,,경향신문
[MWC25]“갤럭시 S25 카메라는 최적의 조합”…160개 AI 기술 더했다,https://www.khan.co.kr/article/202503040800021/?utm_source=khan_rss&utm_medium=rss&utm_campaign=economy_news,,경향신문
[경제밥도둑] “관세는 아름답다”고?…모두를 ‘패자’로 만들고도 그럴 수 있을까,https://www.khan.co.kr/article/202503040800011/?utm_source=khan_rss&utm_medium=rss&utm_campaign=economy_news,,경향신문
"[MWC25] LGU+, 구글과 손잡고 AI 통화 에이전트 ‘익시오’ 글로벌 공략 나선다",https://www.khan.co.kr/article/202503040800001/?utm_source=khan_rss&utm_medium=rss&utm_campaign=economy_news,,경향신문
교통요금 환급 ‘K-패스’ 이용자 300만명 돌파,https://www.khan.co.kr/article/202503040600055/?utm_source=khan_rss&utm_medium=rss&utm_campaign=economy_news,,경향신문
‘마트보다 비싼’ 편의점? ‘초저가 PB’로 승부수!,https://www.khan.co.kr/article/202503040600045/?utm_source=khan_rss&utm_medium=rss&utm_campaign=economy_news,,경향신문
개인정보까지 빨아들이는 중국산 로봇청소기?,https://www.khan.co.kr/article/202503040600015/?utm_source=khan_rss&utm_medium=rss&utm_campaign=economy_news,,경향신문
건설업 한파에 지난해 종사자 근로소득 4% 감소…‘역대 최대폭’,https://www.khan.co.kr/article/202503040600005/?utm_source=khan_rss&utm_medium=rss&utm_campaign=economy_news,,경향신문
미·중 ‘편중 구조’ 깨고 새 수출길 뚫어라,https://www.khan.co.kr/article/202503032119025/?utm_source=khan_rss&utm_medium=rss&utm_campaign=economy_news,,경향신문
"주담대 고민 땐, 장기는 ‘고정금리’ 단기는 ‘변동금리’ 유리",https://www.khan.co.kr/article/202503032119015/?utm_source=khan_rss&utm_medium=rss&utm_campaign=economy_news,,경향신문
[포토뉴스] 새학기맞이 산뜻한 새옷,https://www.khan.co.kr/article/202503032119005/?utm_source=khan_rss&utm_medium=rss&utm_campaign=economy_news,,경향신문
전기차 ‘캐즘 탈출’ 신호탄?…유럽서 1월 판매량 37% 급증,https://www.khan.co.kr/article/202503032118005/?utm_source=khan_rss&utm_medium=rss&utm_campaign=economy_news,,경향신문
양식 어류 가격 급등…‘국민 횟감’ 우럭·광어값도 ‘시가’ 될라,https://www.khan.co.kr/article/202503032114025/?utm_source=khan_rss&utm_medium=rss&utm_campaign=economy_news,,경향신문
"여름 채비는 지금부터? 삼성·LG ""에어컨 사전점검 받으세요""",https://www.khan.co.kr/article/202503032114015/?utm_source=khan_rss&utm_medium=rss&utm_campaign=economy_news,,경향신문
골프 용품 판매가 통제…던롭 ‘갑질’ 제재,https://www.khan.co.kr/article/202503032114005/?utm_source=khan_rss&utm_medium=rss&utm_campaign=economy_news,,경향신문
카메라 뛰어넘는 폰카·두 번 접는 스마트폰…중국의 ‘기술굴기’,https://www.khan.co.kr/article/202503032108025/?utm_source=khan_rss&utm_medium=rss&utm_campaign=economy_news,,경향신문
“접어서 가방 속에…펼치면 대화면”,https://www.khan.co.kr/article/202503032108015/?utm_source=khan_rss&utm_medium=rss&utm_campaign=economy_news,,경향신문
"삼성SDI 로봇·자율주행차 전용 배터리, 현대차·기아와 첫 ‘공동 마케팅’",https://www.khan.co.kr/article/202503032108005/?utm_source=khan_rss&utm_medium=rss&utm_campaign=economy_news,,경향신문
SKT ‘피라미드 2.0 전략’으로 ‘돈 버는 AI’ 본격화,https://www.khan.co.kr/article/202503032107005/?utm_source=khan_rss&utm_medium=rss&utm_campaign=economy_news,,경향신문
"‘온열·한랭 질환 진단 땐 10만원’…경기, 전국 첫 기후보험 시행",https://www.khan.co.kr/article/202503032057005/?utm_source=khan_rss&utm_medium=rss&utm_campaign=economy_news,,경향신문
“배달 매출 일 8만원인데 최상위 수수료율…상생안인가 살생안인가”,https://www.khan.co.kr/article/202503032043005/?utm_source=khan_rss&utm_medium=rss&utm_campaign=economy_news,,경향신문
금리 더 내려갈 것 같은데···변동금리·고정금리 무엇이 유리할까,https://www.khan.co.kr/article/202503031715001/?utm_source=khan_rss&utm_medium=rss&utm_campaign=economy_news,,경향신문
"헥토이노베이션, 최대주주 지분 확대…""책임 경영 강화""",https://www.asiae.co.kr/article/2025030417173985629,"Tue, 04 Mar 2025 17:17:39 +0900",아시아경제
"대체거래소 출범 첫날, 투자자들 반응 어땠나 살펴보니",https://www.asiae.co.kr/article/2025030416235781480,"Tue, 04 Mar 2025 16:36:26 +0900",아시아경제
"코스피, 외인·기관 순매도에 하락…2530선 밑으로",https://www.asiae.co.kr/article/2025030416143947276,"Tue, 04 Mar 2025 16:14:39 +0900",아시아경제
"[클릭 e종목]""KB금융, 지속가능 밸류업 기대""",https://www.asiae.co.kr/article/2025030416140044994,"Tue, 04 Mar 2025 16:14:00 +0900",아시아경제
"[클릭 e종목]""SK하이닉스, 당분간 18만~24만원 오갈듯""",https://www.asiae.co.kr/article/2025030415441804154,"Tue, 04 Mar 2025 15:44:18 +0900",아시아경제
"코스닥, 6.06P 내린 737.90 마감(0.81%↓)",https://www.asiae.co.kr/article/2025030415342746179,"Tue, 04 Mar 2025 15:34:27 +0900",아시아경제
"코스피, 3.86P 내린 2528.92 마감(0.15%↓)",https://www.asiae.co.kr/article/2025030415341243497,"Tue, 04 Mar 2025 15:34:12 +0900",아시아경제
"딥큐어, 호주·뉴질랜드 비뇨의학회서 ‘하이퍼큐어’ 임상시험 현황 발표",https://www.asiae.co.kr/article/2025030415032836515,"Tue, 04 Mar 2025 15:03:28 +0900",아시아경제
"위허브, 모바일 월드 콩그레스 참가…""셀피 서비스 공개""",https://www.asiae.co.kr/article/2025030414530859542,"Tue, 04 Mar 2025 14:53:08 +0900",아시아경제
"KB증권, 대체거래소 대응 관련 투자정보 강화",https://www.asiae.co.kr/article/2025030414512554401,"Tue, 04 Mar 2025 14:51:25 +0900",아시아경제
"[특징주]넥스틸, 美 알래스카 LNG 사업 참여 요청…퀀텀 점프 기회 잡는다",https://www.asiae.co.kr/article/2025030414391406402,"Tue, 04 Mar 2025 14:39:14 +0900",아시아경제
"순매수에서 순매도로 전환한 외인·기관…코스피, 2530선으로 '후퇴'",https://www.asiae.co.kr/article/2025030414341681071,"Tue, 04 Mar 2025 14:34:17 +0900",아시아경제
"빚부담 커…홈플러스 회생신청 MBK, SSM 매각 중단",https://www.asiae.co.kr/article/2025030414311442209,"Tue, 04 Mar 2025 14:31:14 +0900",아시아경제
"금융위원장 ""대체거래소 출범, 큰 의미…복수시장 철저히 관리할 것""",https://www.asiae.co.kr/article/2025030414240797702,"Tue, 04 Mar 2025 14:24:07 +0900",아시아경제
"[특징주]알엔투테크놀로지, 엔플로우 임원 선임…세계 유일 분무 열분해법 전고체 기업↑",https://www.asiae.co.kr/article/2025030414113027028,"Tue, 04 Mar 2025 14:11:29 +0900",아시아경제
"""개인정보 유출, 코인으로 보상해드립니다""… 금감원, 사기 주의보 발령",https://www.asiae.co.kr/article/2025030414070194007,"Tue, 04 Mar 2025 14:07:01 +0900",아시아경제
"파인텍, 지난해 매출액 710억 달성…전년比 58%↑",https://www.asiae.co.kr/article/2025030413554718546,"Tue, 04 Mar 2025 13:55:48 +0900",아시아경제
"[특징주]성안머티리얼스, 美희토류 영구자석 보안법 발의…美최대업체 공급망 부각↑",https://www.asiae.co.kr/article/2025030413465074082,"Tue, 04 Mar 2025 13:46:51 +0900",아시아경제
"[특징주]켄코아에어로, 강력한 군사용 드론 양산 기대…항공기 대규모 계약 임박",https://www.asiae.co.kr/article/2025030412045537062,"Tue, 04 Mar 2025 12:04:54 +0900",아시아경제
"키움투자자산운용, ETF 강화 위한 조직개편 단행",https://www.asiae.co.kr/article/2025030411002197848,"Tue, 04 Mar 2025 11:00:21 +0900",아시아경제
"[특징주]태광, 알래스카 LNG 개발 기대감에 신고가",https://www.asiae.co.kr/article/2025030410584475952,"Tue, 04 Mar 2025 10:58:45 +0900",아시아경제
"케이피에스, 영국 암연구소 주도 PARP 억제제 병용 임상 1b상 돌입",https://www.asiae.co.kr/article/2025030410521837575,"Tue, 04 Mar 2025 10:52:19 +0900",아시아경제
트럼프 관세폭탄 대비한 강관업체…59조 에너지용 강관 시장 '다크호스',https://www.asiae.co.kr/article/2025030410485112171,"Tue, 04 Mar 2025 10:48:51 +0900",아시아경제
"엔비티, 캐시슬라이드 스텝업 만보기 기능 개편…""100보만 걸어도 리워드 제공""",https://www.asiae.co.kr/article/2025030410463099079,"Tue, 04 Mar 2025 10:46:31 +0900",아시아경제
"넥스트레이드 본격 출범, 막 오른 '복수 주식시장 시대'",https://www.asiae.co.kr/article/2025030409365504899,"Tue, 04 Mar 2025 10:38:31 +0900",아시아경제
"케이지에이, 글로벌 시장 공략 박차…""전고체 분야 유수 고객 확보 집중""",https://www.asiae.co.kr/article/2025030410291649496,"Tue, 04 Mar 2025 10:29:16 +0900",아시아경제
"한국파마, 조현병 치료제 2종 국내 독점 판매 및 유통 계약 체결",https://www.asiae.co.kr/article/2025030410262017999,"Tue, 04 Mar 2025 10:26:20 +0900",아시아경제
"삼성증권 ""중개형 ISA '절세응원 이벤트'로 절세 혜택 누리세요""",https://www.asiae.co.kr/article/2025030410244797896,"Tue, 04 Mar 2025 10:24:47 +0900",아시아경제
"신한투자증권, AI클라우드기업 람다에 136억원 투자",https://www.asiae.co.kr/article/2025030410180928217,"Tue, 04 Mar 2025 10:18:09 +0900",아시아경제
"[특징주]풍산, 美 구리 관세 호재 전망에 강세",https://www.asiae.co.kr/article/2025030410152901369,"Tue, 04 Mar 2025 10:15:29 +0900",아시아경제
"[특징주]에이럭스, 방산에서도 확대 적용 가능한 드론 사업 기대감 '↑'",https://www.asiae.co.kr/article/2025030410120563798,"Tue, 04 Mar 2025 10:12:06 +0900",아시아경제
[특징주]실적 악화에 불성실 공시까지... 금양 급락,https://www.asiae.co.kr/article/2025030409545458436,"Tue, 04 Mar 2025 09:54:54 +0900",아시아경제
"삼성자산, 삼성글로벌휴머노이드로봇 공모펀드 국내 첫 출시",https://www.asiae.co.kr/article/2025030409522236822,"Tue, 04 Mar 2025 09:52:21 +0900",아시아경제
"2600선 무너진 코스피, 3월 증시 향방은",https://www.asiae.co.kr/article/2025030409460493776,"Tue, 04 Mar 2025 09:50:54 +0900",아시아경제
"LS증권, 투디지트와 업무협약…""AI 활용 콘텐츠 제공 추진""",https://www.asiae.co.kr/article/2025030409505126086,"Tue, 04 Mar 2025 09:50:51 +0900",아시아경제
"KIC, 글로벌 부동산 투자 전망…""주거시설·데이터센터 주목""",https://www.asiae.co.kr/article/2025030409495620585,"Tue, 04 Mar 2025 09:49:56 +0900",아시아경제
TIGER 차이나항셍테크 개인 누적 순매수 3000억 돌파,https://www.asiae.co.kr/article/2025030409461702283,"Tue, 04 Mar 2025 09:46:17 +0900",아시아경제
"코스피, 외인·기관 순매수에 2540선 회복",https://www.asiae.co.kr/article/2025030409454290663,"Tue, 04 Mar 2025 09:45:42 +0900",아시아경제
[특징주]유럽 방위비 증액 논의에 방산주 강세...한화에어로 14%↑,https://www.asiae.co.kr/article/2025030409405546981,"Tue, 04 Mar 2025 09:40:55 +0900",아시아경제
"한투운용, 한국투자글로벌전기차&배터리 펀드 리뉴얼",https://www.asiae.co.kr/article/2025030409403241972,"Tue, 04 Mar 2025 09:40:32 +0900",아시아경제
[특징주] 현대로템 9%대 상승…방위산업 장기 호황 기대감 강세,https://www.asiae.co.kr/article/2025030409331477116,"Tue, 04 Mar 2025 09:33:14 +0900",아시아경제
'회계투명성 기여' 올해 안진 학술상에 강평경·정태진 교수,https://www.asiae.co.kr/article/2025030409214977853,"Tue, 04 Mar 2025 09:21:48 +0900",아시아경제
"[특징주]트럼프 관세폭탄이 쏘아올린 황금알, 휴스틸 美 공장 대박 예고",https://www.asiae.co.kr/article/2025030409200957191,"Tue, 04 Mar 2025 09:20:08 +0900",아시아경제
신규주 투자했다 '쪽박'…2월에도 웃지 못한 개인,https://www.asiae.co.kr/article/2025030311233173186,"Tue, 04 Mar 2025 09:19:50 +0900",아시아경제
"일·생활 균형 우수기업 라온시큐어, AI·보안 분야 공채 모집",https://www.asiae.co.kr/article/2025030409163727889,"Tue, 04 Mar 2025 09:16:37 +0900",아시아경제
"비보존제약, 비마약성 진통제 '어나프라주' 대한민국신약개발 대상 수상",https://www.asiae.co.kr/article/2025030409061833594,"Tue, 04 Mar 2025 09:06:18 +0900",아시아경제
"코스닥, 4.28P 내린 739.68 출발(0.58% ↓)",https://www.asiae.co.kr/article/2025030409031312195,"Tue, 04 Mar 2025 09:03:13 +0900",아시아경제
"코스피, 10.58P 내린 2522.20 출발(0.42% ↓)",https://www.asiae.co.kr/article/2025030409025609581,"Tue, 04 Mar 2025 09:02:56 +0900",아시아경제
"[M&A 알쓸신잡]사모펀드가 렌터카 1,2위 모두 인수한 까닭은",https://www.asiae.co.kr/article/2025030409001191110,"Tue, 04 Mar 2025 09:00:16 +0900",아시아경제
"삼일PwC ""올해 M&A 키워드, 산업구조개편·공급망 다변화·첨단기술 확보""",https://www.asiae.co.kr/article/2025030408523034235,"Tue, 04 Mar 2025 08:52:30 +0900",아시아경제
"아이즈비전, 데이터 걱정 없는 ‘1만원대 20GB 요금제’ 출시",https://www.asiae.co.kr/article/2025030408371935207,"Tue, 04 Mar 2025 08:37:20 +0900",아시아경제
"두나무, 공정거래 자율준수 프로그램 도입…""공정·투명한 문화 정착""",https://www.asiae.co.kr/article/2025030408350023991,"Tue, 04 Mar 2025 08:35:00 +0900",아시아경제
"앱클론, 첨단 카티 치료제 AT101로 해외 사업화 개시",https://www.asiae.co.kr/article/2025030408324208689,"Tue, 04 Mar 2025 08:32:43 +0900",아시아경제
"""단기 투자기회, 시나리오별 대응"" 중학개미, 中양회 체크 포인트는?",https://www.asiae.co.kr/article/2025030408321600217,"Tue, 04 Mar 2025 08:32:16 +0900",아시아경제
"[굿모닝 증시]""관세 강행에 휘청인 뉴욕증시…韓증시도 영향권""",https://www.asiae.co.kr/article/2025030408231825362,"Tue, 04 Mar 2025 08:28:03 +0900",아시아경제
"[클릭 e종목]""보로노이, 예상보다 빠른 임상 공개""",https://www.asiae.co.kr/article/2025030408254344483,"Tue, 04 Mar 2025 08:25:43 +0900",아시아경제
"제이스코홀딩스, EVMDC와 디나가트 광산 B·C구역 독점 판매권 계약 체결",https://www.asiae.co.kr/article/2025030408173807243,"Tue, 04 Mar 2025 08:17:38 +0900",아시아경제
"[클릭 e종목]""글로벌텍스프리, 올리브영·K뷰티로 실적 '쑥쑥'""",https://www.asiae.co.kr/article/2025030408104071298,"Tue, 04 Mar 2025 08:10:40 +0900",아시아경제
"[클릭 e종목]""파미셀, 급이 다른 성장 궤도 진입""",https://www.asiae.co.kr/article/2025030408083348828,"Tue, 04 Mar 2025 08:08:33 +0900",아시아경제
"[클릭 e종목]""휴스틸, 트럼프 정책에 정확히 부합""",https://www.asiae.co.kr/article/2025030408030010311,"Tue, 04 Mar 2025 08:03:00 +0900",아시아경제
"[클릭 e종목]""이익 회복 한전, 4년만에 배당 재개""",https://www.asiae.co.kr/article/2025030407565874999,"Tue, 04 Mar 2025 07:56:58 +0900",아시아경제
"[클릭 e종목]""코스맥스, 수익성 개선에 목표주가 상향""",https://www.asiae.co.kr/article/2025030407560168376,"Tue, 04 Mar 2025 07:56:01 +0900",아시아경제
"[클릭 e종목]“브이티, 日오프라인 고신장…美·中 신규 지역 확대 고무적”",https://www.asiae.co.kr/article/2025030407504945130,"Tue, 04 Mar 2025 07:50:49 +0900",아시아경제
"[클릭 e종목]""풍산, 트럼프 구리 관세 오히려 좋아""",https://www.asiae.co.kr/article/2025030407493037928,"Tue, 04 Mar 2025 07:49:30 +0900",아시아경제
"[클릭 e종목]""티웨이항공, 예상보다 더딘 실적 회복세…목표가↓""",https://www.asiae.co.kr/article/2025030407462328252,"Tue, 04 Mar 2025 07:46:22 +0900",아시아경제
[M&A 알쓸신잡]'이사 충실의무' 확대되나…지배구조 개선여부 촉각,https://www.asiae.co.kr/article/2025022817542733082,"Tue, 04 Mar 2025 06:57:00 +0900",아시아경제
"""베몬 땡큐""…예상보다 빠른 실적 개선에 와이지엔터 '호호'",https://www.asiae.co.kr/article/2025022816000208806,"Tue, 04 Mar 2025 06:50:00 +0900",아시아경제
VC 숫자·투자 늘었지만…초기 스타트업은 돈줄 마른다,https://www.asiae.co.kr/article/2025022816292241863,"Tue, 04 Mar 2025 06:50:00 +0900",아시아경제
"텔레그램서 선행매매 한 핀플루언서 검찰 송치…""부당이익 23억""",https://www.asiae.co.kr/article/2025030312315672013,"Mon, 03 Mar 2025 12:31:57 +0900",아시아경제
[단독]5억 이상 횡령 78건 중 가중처벌은 7건뿐…주주들 엄벌 탄원에도 '솜방망이' 처벌[소액주주의 눈물]③,https://www.asiae.co.kr/article/2025022115221997891,"Mon, 03 Mar 2025 06:30:00 +0900",아시아경제
"MBK""최윤범, '상호주 제한' 미리 준비…SMC 채무보증 작년말 급증""",https://www.asiae.co.kr/article/2025030213451626212,"Sun, 02 Mar 2025 13:45:16 +0900",아시아경제
[마켓ING]코스피 다시 2600선 아래로…단기 변동성 불가피,https://www.asiae.co.kr/article/2025022818025943173,"Sun, 02 Mar 2025 10:30:00 +0900",아시아경제
[이번주 IPO]3월 첫째 주 수요예측·청약 일정,https://www.asiae.co.kr/article/2025030110560290658,"Sun, 02 Mar 2025 08:00:00 +0900",아시아경제
[단독]3년간 1조원 넘는 상장사 횡령·배임 범죄 발생…작년만 4025억원[소액주주의 눈물]②,https://www.asiae.co.kr/article/2025021911073843344,"Sun, 02 Mar 2025 06:30:00 +0900",아시아경제
우크라 재건 테마라더니…대주주도 손 떼버린 삼부토건 [기업&이슈],https://www.asiae.co.kr/article/2025022714471883483,"Sat, 01 Mar 2025 08:00:00 +0900",아시아경제
"4억 투자한 주식, 돌연 거래정지…""미안해 형"" 그들이 내 동생을 죽였다 [소액주주의 눈물]①",https://www.asiae.co.kr/article/2025021115470220552,"Sat, 01 Mar 2025 06:30:00 +0900",아시아경제
"효성화학, 주식 거래 정지…지난해 자본금 전액 잠식",https://www.asiae.co.kr/article/2025022822120654987,"Fri, 28 Feb 2025 22:12:06 +0900",아시아경제
"롯데, 롯데렌탈 어피니티에 매각",https://www.asiae.co.kr/article/2025022819564946820,"Fri, 28 Feb 2025 19:56:50 +0900",아시아경제
